USE StoreFront;

INSERT INTO `Catergory` VALUES
(NULL,'est','A et voluptates nihil. Natus non incidunt voluptatum debitis aliquam id. Sunt soluta repellendus enim placeat assumenda eveniet assumenda. Maiores dolores et dolorum id odit ut possimus.',NULL),
(NULL,'eligendi','Sint et a quam sint. Ex incidunt sint quisquam. Facere voluptas assumenda esse et illo dolorem ad.',NULL),
(NULL,'exercitationem','Labore et sed sit ullam est. Dolorem odio corporis necessitatibus perferendis et dolor blanditiis. Non ipsum qui dolores pariatur corrupti fuga.',NULL),
(NULL,'velit','Dolores quae perspiciatis eum doloremque soluta numquam a placeat. Facilis aut aut fugiat repellendus. Ut earum sed nihil numquam.',2),
(NULL,'tempore','',1),
(NULL,'dolor','Et error debitis tempore et sunt corrupti reprehenderit. Unde qui perferendis minus aut et. Dolorem minus omnis cumque.',4),
(NULL,'nihil','Natus accusantium asperiores expedita est et impedit est. Eos sapiente blanditiis ad placeat provident impedit. Molestiae aspernatur tempore quo est. Repellat officiis id quis possimus velit dolores eligendi. Non at et ea sit natus.',NULL),
(NULL,'laboriosam','Blanditiis quae eaque est accusantium. Saepe delectus officiis enim exercitationem doloremque incidunt sit. Recusandae iure molestiae similique aperiam at non voluptas.',NULL),
(NULL,'unde','Voluptas et rerum dolorum inventore dignissimos ut. Saepe iste ut cumque qui molestiae voluptatem et totam. Aut tenetur et sapiente consequatur quae similique ea.',NULL),
(NULL,'eaque','Et deleniti quisquam accusamus hic asperiores atque. Voluptas alias in est molestiae laborum rerum nulla. Dolor ratione est et rerum qui provident sed.',6),
(NULL,'iure','Cum illum sit cupiditate praesentium. Porro provident quo suscipit qui eum. Non excepturi dignissimos eius dicta provident id.',NULL),
(NULL,'magnam','',NULL),
(NULL,'et','',NULL),
(NULL,'aliquam','',NULL),
(NULL,'impedit','Quas iure eligendi eos maiores aut animi doloribus. Non perferendis error ipsa voluptatem in. Eveniet et dicta explicabo porro repellat quis. Necessitatibus eum nihil odit quia repellendus nesciunt vel. Quia dolorum dolore consequuntur.',NULL),
(NULL,'fugiat','Eum neque rerum at alias. Eveniet ea ex ea veniam.',NULL),
(NULL,'similique','',NULL),
(NULL,'eos','',NULL),
(NULL,'voluptatum','Aut asperiores culpa quia animi. Quidem iusto consequatur similique quod laborum aliquid. Porro fuga quia eos in sed numquam ab.',10),
(NULL,'commodi','Nobis natus aliquam impedit et quaerat. Nihil accusamus occaecati hic sed non perferendis. Quia quia incidunt veniam consequatur.',NULL),
(NULL,'excepturi','Quia dolorum veniam et praesentium nesciunt deserunt. Provident enim fuga eveniet quisquam similique esse. Beatae aut laborum rerum culpa ullam odit nostrum.',18),
(NULL,'quasi','Occaecati ipsam omnis tempora alias. Aliquam aut deserunt ratione qui quidem. Sed sed velit natus aut et eaque qui. Cupiditate qui esse sit itaque ut soluta sit ut. Nemo nobis deleniti commodi quia quibusdam.',NULL),
(NULL,'fugiat','',NULL),
(NULL,'sint','',NULL),
(NULL,'est','',NULL);

INSERT INTO `Product` VALUES
(1,'maiores','Aliquam et sint occaecati. Culpa esse deleniti blanditiis omnis atque non est. Fugiat odio praesentium repellendus facilis voluptas quasi. Ex et excepturi hic atque. Et consequatur laudantium in labore quo deleniti.',7136,165593),
(2,'suscipit','Beatae deleniti consequuntur aliquid. Perferendis perferendis rerum nisi magnam pariatur sunt quo error. Adipisci magni reprehenderit consequatur provident velit doloremque dolore ut. Ea consequatur est maxime rem numquam qui iste quia.',8129,0),
(3,'labore','Ratione est voluptates consequatur velit consectetur qui. Laboriosam ipsa voluptatem ullam cum. Nulla doloribus et omnis similique suscipit.',4881,38),
(4,'at','Et quas molestiae perspiciatis natus facere dicta. Omnis soluta doloremque consequatur possimus. Modi dolorum explicabo cum et molestiae ut cum. Impedit corporis iusto error similique modi eos.',6364,58814),
(5,'autem','Debitis omnis atque autem assumenda est soluta. Cupiditate quas eos qui vel quod. Qui ratione praesentium dolorem eum sed est. Sed eaque qui laborum aut modi aperiam accusamus enim.',7226,0),
(6,'facilis','Fuga et est cum nisi odio dolorem. Mollitia animi est ut dolor sint tempore. Explicabo non aut sequi qui excepturi repellat.',7531,3),
(7,'sit','Ullam quis ut veniam sunt culpa. Nobis est omnis ea. Commodi assumenda eum fuga. Eos aspernatur harum cum eaque.',2991,10),
(8,'eos','Voluptatibus harum ut repellat ut voluptatem numquam pariatur. Nemo laudantium quod aut voluptatibus necessitatibus officiis. Quo et enim quia voluptates. Repellendus qui placeat quia similique cum.',9214,406),
(9,'repudiandae','Maxime recusandae quod et quia. Dolores adipisci et voluptatem natus aut vel. Asperiores natus velit eaque suscipit. Non itaque quibusdam aut est rerum non.',9659,272),
(10,'vel','Aperiam et nam praesentium iste. Nobis sed voluptatibus libero molestiae nisi illo aliquid. Neque commodi et perferendis dignissimos earum. Aliquid ullam expedita accusantium qui qui accusamus.',2223,0),
(11,'qui','Eos illo dolor eum in qui. Minus cupiditate qui magnam deserunt. Tenetur ut consectetur tempora aut nemo atque culpa.',1038,36113),
(12,'omnis','Qui modi itaque ipsum nihil odio perspiciatis. Quia dicta eius ut voluptatibus. Libero nesciunt mollitia est qui aspernatur. Animi dolore quo quasi cum.',7600,8),
(13,'ipsa','Ducimus unde corrupti et odit et. Nihil animi ratione consequuntur accusantium vel. Quasi asperiores mollitia molestiae repudiandae. Qui qui nihil facere praesentium.',92,3536034),
(14,'rerum','Molestias quaerat et quos a. Autem cumque quo dolor voluptas omnis perspiciatis praesentium. Asperiores enim tempora dolor et.',5253,524656018),
(15,'qui','Rerum modi velit et et et quisquam iusto. Vel qui pariatur accusantium voluptatem voluptatem aliquam ad. Voluptatem sunt sunt repellendus est.',5634,190),
(16,'distinctio','Commodi est amet molestiae consectetur earum et voluptatem. Asperiores voluptate dignissimos dolores autem. Nihil tempora et autem dolor reprehenderit maxime. Magni id delectus eos totam velit voluptatibus.',7149,3644),
(17,'ipsam','Quia cupiditate aut placeat reprehenderit. Sint fugit beatae tempore voluptatem consequuntur consequatur officiis rerum. Corporis incidunt commodi beatae id libero quia.',5042,31691393),
(18,'aliquid','Ea consequatur atque culpa iste quis sed. Iste qui corrupti delectus laudantium ad. Accusamus vero omnis voluptas dolore architecto placeat quis.',7041,57),
(19,'ab','Doloremque nam sed quia porro. Hic quia non et minus.',2375,4),
(20,'et','Qui dolor ducimus quo quas. Et nesciunt laborum delectus aliquam debitis molestias et. Molestiae incidunt id sed eum aut quia accusamus. Vel deserunt dignissimos quia. Deserunt eveniet quod animi expedita.',1764,735),
(21,'in','Totam debitis saepe quae officiis. Perferendis molestias explicabo soluta doloremque temporibus. Optio voluptates qui ut sunt ea.',252,24638570),
(22,'voluptatem','Atque et omnis ea qui voluptates a animi. Officiis beatae dolores amet rerum illo exercitationem in aspernatur. Est repudiandae ipsa dolorum illo. Adipisci eaque maiores eum.',5162,7862056),
(23,'ut','Omnis assumenda pariatur praesentium adipisci itaque. Eveniet sit officia ipsa consequatur ipsa voluptates. Corporis qui sed ducimus. Hic ducimus vel quaerat impedit numquam. Molestiae eos incidunt velit quasi et ullam consequatur.',928,3),
(24,'deleniti','Qui saepe ratione occaecati nostrum maiores. Natus est in excepturi eaque. Doloribus quis dicta doloremque aut temporibus consequatur. Sed suscipit alias ratione quisquam facilis.',7859,0),
(25,'tempora','Ab sit perferendis molestiae consequuntur totam temporibus pariatur. Aut eligendi nihil nobis. Tempore blanditiis est distinctio. Doloribus tenetur recusandae molestias veniam soluta ut quia.',8930,14779991),
(26,'quo','Numquam fugit praesentium ullam sit nesciunt dolor. Aut voluptates quis eveniet id qui. Assumenda quidem voluptatem provident quia nam.',2103,4),
(27,'aut','Quos veniam sunt quasi voluptatem quia perspiciatis illum. Dolor consequatur dolor voluptatem labore. Voluptas et cumque cupiditate id.',1676,0),
(28,'odit','Vitae et repellat est est rerum. Deserunt sunt occaecati quia. Temporibus voluptate animi repudiandae qui ipsum ut. Et doloremque rem quia quis ut officia consequatur.',3913,4),
(29,'aliquid','Aut animi quo eos autem praesentium possimus. Nihil vero occaecati ex hic debitis. Corporis quia eveniet eos id est est rem.',8124,49458418),
(30,'et','Et et quia ut id aut magni enim. Aut accusantium excepturi in reiciendis. Corporis quia ipsa temporibus iusto quisquam sunt et. Quia corporis maxime optio deserunt blanditiis aut.',7577,3),
(31,'aliquam','Atque dolorem molestiae dolorem sunt. Eligendi rem quia et. Numquam consectetur consectetur qui autem consectetur molestiae id. Non dolor est autem et debitis dolore quo. Vitae modi velit tempore suscipit harum rem natus.',7196,14485),
(32,'quo','Omnis quaerat corporis eligendi molestias repellendus. Ut perspiciatis doloribus repellat asperiores nostrum quo laboriosam. Ut velit quis praesentium perferendis quia sed suscipit. Excepturi fugit a qui qui fugiat labore a.',2170,7696928),
(33,'officiis','Explicabo deserunt ducimus hic id placeat. Impedit qui exercitationem quisquam atque voluptatem. Odit voluptatem omnis culpa perspiciatis ea doloribus quo. Earum quisquam earum unde rem nam vero.',4513,44055367),
(34,'nisi','Illum tempore quod dignissimos necessitatibus quam voluptatibus. Blanditiis odio itaque non dolorem beatae quia omnis. Quos sunt quae reiciendis labore neque corrupti molestias.',2718,56224),
(35,'illum','Doloremque doloremque et natus consectetur molestiae quos id. Quae voluptatum neque ipsa qui. Laborum rerum est quasi ut numquam.',9225,2),
(36,'quisquam','Quos iste dicta est dignissimos qui. Voluptatem aspernatur labore occaecati omnis. Tempore eum perspiciatis dolorum laborum alias nihil. Nihil illum qui quia tempora.',1149,19060935),
(37,'ratione','Maxime quia provident eligendi repellendus possimus. Beatae excepturi illum quo nesciunt architecto. Quas molestias voluptas neque quas. Repudiandae magnam dolore beatae omnis excepturi ad.',2875,804),
(38,'quasi','Nobis fuga delectus atque quis porro et praesentium qui. Nulla odio voluptas impedit. Et eius laboriosam quis omnis impedit in. Explicabo rem quas exercitationem nihil architecto qui qui in.',146,27229),
(39,'temporibus','Fugit et sunt modi eum placeat. Quis expedita veritatis quia officiis. Quis necessitatibus veniam iusto rem quod. Voluptas reiciendis in autem et. Doloremque sit rerum minima.',4667,52634531),
(40,'architecto','Error dolorum pariatur debitis sit. Et quos reprehenderit nostrum delectus. Eos commodi explicabo quasi architecto illum quidem. Dolor deserunt voluptatem quisquam voluptas expedita.',6881,38714),
(41,'accusamus','Ut asperiores ea quaerat tenetur. Unde aut fuga amet illum. Ut quia perferendis voluptatum.',9733,3133860),
(42,'labore','Voluptate nam iure pariatur nobis assumenda. Non odit beatae rerum dolores sed labore. A ipsum molestiae cupiditate.',2228,33),
(43,'ut','Tenetur ullam facere labore ducimus qui ut voluptatem omnis. Fugit amet sequi velit non itaque est aut.',7737,143904),
(44,'rerum','Iste quos quas quia qui. Voluptas ut ex et facere et sequi. Ducimus dolorem voluptas ratione modi eligendi vel. Nesciunt commodi ipsum eligendi non repellat reiciendis quas maxime.',858,538591281),
(45,'molestias','Ab unde alias inventore qui. Occaecati vitae quo enim. Qui aut commodi repudiandae totam delectus. Cum perferendis deserunt qui quaerat.',3903,178),
(46,'quod','Et libero rem voluptas reiciendis iure minima laborum. Cum voluptatem placeat earum delectus qui aut eaque. Et tempora eaque reprehenderit saepe et.',8160,3529299),
(47,'eius','Perspiciatis debitis sapiente magnam autem repellat culpa. Est et laudantium impedit voluptatem voluptates. Qui nihil neque deserunt dolor quae nulla et omnis.',1089,578040),
(48,'doloremque','Inventore repudiandae quod in qui. Dolorem doloribus quis expedita animi quia mollitia minus.',1284,0),
(49,'nihil','Expedita sint exercitationem animi sed. Voluptatem repudiandae vel odio sunt consequuntur. Est aliquid aspernatur fuga iste. Optio odio animi minima earum.',9185,63761891),
(50,'adipisci','Soluta officia molestias animi esse blanditiis aut itaque. Molestiae fuga veritatis ab aliquam quia et est. Aut aut amet nesciunt ea doloribus eos recusandae voluptatum. Sunt magnam ex consectetur nesciunt laboriosam sint.',1213,1),
(51,'quas','Labore reprehenderit sed et quaerat. Repellat a aut dolorem nulla incidunt reiciendis asperiores. Aut unde est deleniti explicabo.',5914,3120737),
(52,'a','Asperiores molestiae consequatur eligendi dolores quisquam quia. Veritatis qui aut officiis eligendi officiis sit earum tempora. Et et sit quia quia.',1914,0),
(53,'facere','Qui modi et dolore non pariatur reprehenderit dolorem. Quia omnis officiis rerum voluptatem accusantium officia ducimus. Assumenda et ut laboriosam quam incidunt ipsam. Minima est rerum voluptas rerum et qui rem. Placeat neque similique consequuntur modi exercitationem.',5059,158),
(54,'possimus','Reprehenderit consequatur nihil nisi perspiciatis aut eos. Minima eligendi consequatur ducimus. Provident maiores assumenda ducimus accusantium eos facere commodi. Ratione facere laboriosam occaecati ducimus provident et velit.',6937,157058),
(55,'in','Est sed nostrum mollitia quaerat voluptate reprehenderit reiciendis magni. Voluptatem est asperiores qui dolores.',1458,1),
(56,'alias','Sunt et neque ut reiciendis magnam dicta excepturi magni. Id rerum voluptatibus est dolores sit consectetur voluptatem labore. Consectetur voluptatem itaque doloremque praesentium.',9397,10150298),
(57,'vitae','Adipisci dolores velit sunt qui totam beatae et minima. Explicabo sunt ut iste exercitationem et voluptas provident. Impedit esse illo qui quia. Iste quidem provident ratione eos atque laboriosam accusamus.',7890,587329104),
(58,'autem','Qui et est dolores hic eius a. Odit natus corrupti ea quo sunt. Omnis alias magni qui et.',1121,880634),
(59,'ipsum','Minima aperiam perferendis alias incidunt et. Natus nemo dolor sit. Fugit in nihil voluptas quae sed possimus et pariatur. Enim quisquam et voluptas ratione et corporis.',8867,2529),
(60,'quae','Sint laudantium officia nihil sit incidunt. Sit inventore tempora saepe. Illo necessitatibus fuga vero quo sunt similique quod.',5561,241),
(61,'cumque','Accusamus ut reiciendis sunt quia vero. Excepturi illo ut magni sint. Quo dolores dignissimos minima magnam cum iste veniam. Ratione ea voluptates ut quos. Neque accusantium dolores et aspernatur architecto.',4411,389),
(62,'doloribus','A rerum laudantium delectus. Libero corporis veritatis rerum a velit consectetur sed vel. Consequatur reiciendis omnis perspiciatis rerum dolore.',5529,1),
(63,'ipsum','Animi assumenda nihil fuga ratione. Et ab autem ullam dignissimos sit harum necessitatibus. Autem distinctio qui sed exercitationem explicabo aut ducimus.',3381,0),
(64,'unde','Saepe ad rerum minus et odio. Labore nulla sit in excepturi quae eum et. Praesentium odio dolores ex et. Dolores eos et ut dolorem incidunt.',3359,243655918),
(65,'et','Dignissimos ut consequuntur doloremque laborum est. Eum incidunt nostrum deserunt omnis. Qui vel quo iusto dolorum incidunt aut alias non. Optio est incidunt aut ab. Est qui doloremque illo id qui quia.',5373,2054855),
(66,'doloremque','Est similique in nam reiciendis sit non qui. Dolores est voluptatem quasi repudiandae minus est iure. Voluptas cum voluptatem voluptatem porro nisi esse. Sint et voluptatem sed est laboriosam et commodi.',445,431),
(67,'quo','Odit placeat necessitatibus repellat dolorem commodi. Adipisci voluptas enim assumenda voluptatem fugit architecto. Quis quas iusto nihil eos soluta sint eum blanditiis.',2525,22),
(68,'ut','Soluta id sapiente et vero. In iusto libero sed voluptas aperiam eos saepe. Sunt at dolor doloremque consequatur incidunt similique et. Enim voluptatum quidem laudantium porro et fuga velit.',8951,1459067),
(69,'et','Odit aut quis autem delectus nihil. Assumenda omnis quasi aliquid optio voluptatem. Et et pariatur commodi quidem. Doloremque quo veniam ut eius.',2384,8885112),
(70,'qui','Quas fuga ut consequatur occaecati ut. Consequuntur et ullam ipsum nulla odit. Est consequatur molestias tenetur repellendus. Recusandae et quis sit eum debitis voluptatem.',5966,430940);

INSERT INTO `Categorize` VALUES
(1,1),
(1,21),
(2,2),
(2,22),
(3,3),
(3,23),
(4,4),
(4,24),
(5,5),
(5,25),
(6,1),
(6,6),
(7,2),
(7,7),
(8,3),
(8,8),
(9,4),
(9,9),
(10,5),
(10,10),
(11,6),
(11,11),
(12,7),
(12,12),
(13,8),
(13,13),
(14,9),
(14,14),
(15,10),
(15,15),
(16,11),
(16,16),
(17,12),
(17,17),
(18,13),
(18,18),
(19,14),
(19,19),
(20,15),
(20,20),
(21,16),
(21,21),
(22,17),
(22,22),
(23,18),
(23,23),
(24,19),
(24,24),
(25,20),
(25,25),
(26,1),
(26,21),
(27,2),
(27,22),
(28,3),
(28,23),
(29,4),
(29,24),
(30,5),
(30,25),
(31,6),
(32,7),
(33,8),
(34,9),
(35,10),
(36,11),
(37,12),
(38,13),
(39,14),
(40,15),
(41,16),
(42,17),
(43,18),
(44,19),
(45,20),
(46,21),
(47,22),
(48,23),
(49,24),
(50,25),
(51,1),
(52,2),
(53,3),
(54,4),
(55,5),
(56,6),
(57,7),
(58,8),
(59,9),
(60,10),
(61,11),
(62,12),
(63,13),
(64,14),
(65,15),
(66,16),
(67,17),
(68,18),
(69,19),
(70,20);

INSERT INTO `Address` VALUES
(1,'Lesch Port','West Joaquinmouth',991561,'Mississippi','Argentina'),
(2,'Cole Trace','North Velma',780766,'Illinois','Kazakhstan'),
(3,'Schneider Glens','North Chazberg',651071,'NorthCarolina','Uruguay'),
(4,'Jeremie Trail','Port Waldo',687554,'Nevada','Maldives'),
(5,'Jacquelyn Forges','North Miamouth',936606,'District of Columbia','Uzbekistan'),
(6,'Greg Manor','East Ricardo',200495,'District of Columbia','Panama'),
(7,'Libby Field','Enochmouth',136042,'Kansas','Mali'),
(8,'Chaz Plains','Gorczanyborough',238772,'Kansas','Ecuador'),
(9,'Will Islands','Katelinville',652495,'NewJersey','Somalia'),
(10,'Earnestine Grove','North Kayleigh',831156,'Florida','Oman'),
(11,'Lucinda Passage','Nolanchester',388193,'Arkansas','Bahamas'),
(12,'Benton Groves','Hicklemouth',919403,'Idaho','Singapore'),
(13,'Abernathy Dale','Reannaland',764170,'NewHampshire','Jordan'),
(14,'Kertzmann Road','Delaneymouth',918663,'Washington','Samoa'),
(15,'Electa View','North Jaylan',411148,'Alaska','Antigua and Barbuda'),
(16,'Swift Mountain','Kleinton',449097,'Illinois','United States of America'),
(17,'Ima Square','Vernicehaven',482186,'Indiana','South Georgia and the South Sandwich Islands'),
(18,'Jennings Square','Trantowberg',812572,'Arizona','Iceland'),
(19,'Domingo Shoal','Meganemouth',167410,'Delaware','Heard Island and McDonald Islands'),
(20,'Russ Meadow','Lake Cecil',472078,'Wisconsin','Fiji'),
(21,'Brant Inlet','Hansenborough',673739,'Pennsylvania','Pakistan'),
(22,'Domingo Rapids','Boganfort',685454,'Wyoming','Brunei Darussalam'),
(23,'Goldner Mews','Schinnerbury',223794,'Montana','Portugal'),
(24,'Dickens Avenue','New Duncanfurt',501336,'Kansas','Oman'),
(25,'Marian Station','Randallchester',773062,'Idaho','Greenland'),
(26,'Barrows Prairie','Cierrastad',317951,'NewHampshire','Libyan Arab Jamahiriya'),
(27,'Zane Burgs','Stammtown',869665,'NewHampshire','Sri Lanka'),
(28,'Gleason Trace','Reichertmouth',881742,'Maryland','French Guiana'),
(29,'Kraig Views','South Lina',966097,'Nevada','Ukraine'),
(30,'Ludie Glens','East Jeanne',505825,'Washington','Guinea-Bissau'),
(31,'Vandervort Dam','Lake Velma',744603,'Wisconsin','Hungary'),
(32,'Jett Heights','Osbaldofurt',692168,'Arizona','Vietnam'),
(33,'Bailey Forge','New Vidal',779975,'Vermont','Liberia'),
(34,'McKenzie Knolls','Tremblayton',419149,'Arkansas','Moldova'),
(35,'Vicenta Land','West Jake',740362,'RhodeIsland','Ecuador'),
(36,'Davon Harbor','Port Shaniahaven',224842,'Arkansas','Montserrat'),
(37,'Pedro Light','North Miltonville',966812,'Wisconsin','Libyan Arab Jamahiriya'),
(38,'O\'Keefe Coves','Gersonhaven',847049,'Alaska','Saint Vincent and the Grenadines'),
(39,'Cary Mountain','Skilesland',818198,'Utah','Samoa'),
(40,'Lebsack Views','Lake Willa',388474,'SouthDakota','El Salvador'),
(41,'Roslyn Stravenue','Port Estelle',698314,'NorthCarolina','Ireland'),
(42,'Jedidiah Underpass','Kemmerborough',343714,'California','China'),
(43,'Weber Gateway','Christiansenville',206041,'NewJersey','Mali'),
(44,'Samson Ranch','Lockmanborough',208697,'Illinois','Thailand'),
(45,'Geovanny Curve','South Edwardohaven',357457,'California','United States Virgin Islands'),
(46,'Bernadette Fords','McDermottburgh',938044,'Tennessee','Tokelau'),
(47,'Botsford Manors','Walkerton',505193,'RhodeIsland','Cape Verde'),
(48,'Schimmel Crossing','Gerholdmouth',815499,'Wyoming','Cameroon'),
(49,'Emil Union','Lake Walter',242800,'NewYork','Bangladesh'),
(50,'Mariah Fork','Mosciskifurt',511524,'Arizona','Serbia'),
(51,'Obie Fork','Fritschhaven',168239,'Georgia','Wallis and Futuna'),
(52,'Brayan Plaza','West Lupe',143193,'Arkansas','Philippines'),
(53,'Doug Islands','Isomland',806103,'RhodeIsland','Cook Islands'),
(54,'Jerel Parkways','Berniershire',209962,'Texas','Chile'),
(55,'Robb Mountains','West Carolinaville',625383,'WestVirginia','Italy'),
(56,'VonRueden Grove','Torreymouth',432556,'Iowa','Romania'),
(57,'Botsford Oval','Croninview',476220,'California','Isle of Man'),
(58,'Upton Garden','Gutkowskiville',361579,'Utah','Philippines'),
(59,'Elinor Canyon','Port Wyman',964631,'Alaska','Saint Pierre and Miquelon'),
(60,'Emmy Trail','Sipesside',665835,'Arkansas','Myanmar');

INSERT INTO `Image` VALUES
(1,'http://wyman.com/',1),
(2,'http://www.howell.com/',2),
(3,'http://gibson.com/',3),
(4,'http://www.cole.com/',4),
(5,'http://schulist.com/',5),
(6,'http://rohan.com/',6),
(7,'http://www.boyer.com/',7),
(8,'http://grady.com/',8),
(9,'http://www.littel.org/',9),
(10,'http://www.murray.com/',10),
(11,'http://www.bruen.org/',11),
(12,'http://www.jacobi.org/',12),
(13,'http://www.stamm.net/',13),
(14,'http://rempelhills.com/',14),
(15,'http://stehreffertz.com/',15),
(16,'http://www.hintz.com/',16),
(17,'http://stokes.com/',17),
(18,'http://klockobecker.com/',18),
(19,'http://wilderman.com/',19),
(20,'http://wintheiserkub.com/',20),
(21,'http://terry.net/',21),
(22,'http://treutelsawayn.com/',22),
(23,'http://www.haag.com/',23),
(24,'http://www.kovacek.com/',24),
(25,'http://tillman.com/',25),
(26,'http://www.emard.com/',26),
(27,'http://mayer.com/',27),
(28,'http://konopelskikoelpin.net/',28),
(29,'http://www.fadel.biz/',29),
(30,'http://cormierwatsica.org/',30),
(31,'http://www.kautzer.com/',31),
(32,'http://www.romaguera.com/',32),
(33,'http://www.block.info/',33),
(34,'http://kihnweber.com/',34),
(35,'http://www.hoeger.biz/',35),
(36,'http://breitenberg.com/',36),
(37,'http://www.hilllsmitham.info/',37),
(38,'http://bergstromtrantow.com/',38),
(39,'http://www.smithgleichner.com/',39),
(40,'http://www.schultz.com/',40),
(41,'http://harris.com/',41),
(42,'http://kovacek.net/',42),
(43,'http://stark.info/',43),
(44,'http://rosenbaum.com/',44),
(45,'http://cummings.com/',45),
(46,'http://ebert.com/',46),
(47,'http://www.douglas.net/',47),
(48,'http://walterpowlowski.com/',48),
(49,'http://gutmann.net/',49),
(50,'http://kihn.com/',50),
(51,'http://kutchdooley.com/',51),
(52,'http://www.jacobson.com/',52),
(53,'http://www.litteldeckow.com/',53),
(54,'http://www.mrazruecker.org/',54),
(55,'http://www.parkerkuhlman.org/',55),
(56,'http://grant.com/',56),
(57,'http://www.feeneycassin.net/',57),
(58,'http://www.heaney.org/',58),
(59,'http://www.koelpin.info/',59),
(60,'http://www.lynchbarrows.net/',60),
(61,'http://padberg.net/',61),
(62,'http://hettingercassin.com/',62),
(63,'http://quigleykuphal.com/',63),
(64,'http://skilesdenesik.com/',64),
(65,'http://www.gerhold.com/',65),
(66,'http://www.rowedamore.com/',66),
(67,'http://farrell.net/',67),
(68,'http://welch.com/',68),
(69,'http://www.kshlerinbahringer.com/',69),
(70,'http://www.bergeoconner.org/',70),
(71,'http://www.hintz.com/',1),
(72,'http://www.kris.com/',2),
(73,'http://stiedemann.org/',3),
(74,'http://pacocha.org/',4),
(75,'http://www.watersdickens.com/',5),
(76,'http://www.carroll.org/',6),
(77,'http://www.goldner.com/',7),
(78,'http://www.jones.com/',8),
(79,'http://dibbert.com/',9),
(80,'http://cruickshank.com/',10),
(81,'http://frami.com/',11),
(82,'http://padbergconsidine.com/',12),
(83,'http://www.schmittdenesik.info/',13),
(84,'http://heidenreich.net/',14),
(85,'http://jacobi.com/',15),
(86,'http://huel.biz/',16),
(87,'http://www.hamill.net/',17),
(88,'http://lesch.com/',18),
(89,'http://feeney.com/',19),
(90,'http://www.willweimann.info/',20),
(91,'http://www.kleinpaucek.com/',21),
(92,'http://www.mraz.com/',22),
(93,'http://www.keebler.com/',23),
(94,'http://www.goyette.org/',24),
(95,'http://www.pfannerstill.com/',25),
(96,'http://bartell.com/',26),
(97,'http://haley.com/',27),
(98,'http://www.donnellyschmeler.info/',28),
(99,'http://bartell.org/',29),
(100,'http://upton.info/',30),
(101,'http://kautzer.info/',31),
(102,'http://gusikowski.com/',32),
(103,'http://www.torp.net/',33),
(104,'http://trantow.org/',34),
(105,'http://www.gorczany.com/',35),
(106,'http://www.runte.com/',36),
(107,'http://www.bosco.com/',37),
(108,'http://www.kuhnbecker.com/',38),
(109,'http://leuschke.info/',39),
(110,'http://www.abshiregrant.info/',40),
(111,'http://www.hodkiewicz.org/',41),
(112,'http://www.casper.biz/',42),
(113,'http://harvey.com/',43),
(114,'http://www.bode.com/',44),
(115,'http://www.gutkowski.biz/',45),
(116,'http://leannonschmeler.com/',46),
(117,'http://jast.com/',47),
(118,'http://willmstromp.com/',48),
(119,'http://www.steuberveum.com/',49),
(120,'http://jast.com/',50),
(121,'http://www.cruickshank.com/',51),
(122,'http://bechtelarreichel.com/',52),
(123,'http://www.wilderman.biz/',53),
(124,'http://schoen.org/',54),
(125,'http://www.johnson.info/',55);

INSERT INTO `User` VALUES
('alden24','fde5203db0aa2d7920d60687848797f8644273df','initzsche@example.net','Shopper'),
('alexys.rice','9999a2c07bd123e4bd1bfa866b8cbd4e7462b356','ora.wilkinson@example.net','Shopper'),
('antwon.bauch','54b9338426ff9d3d3e3eb5843039eeafb255e49f','opal19@example.org','Shopper'),
('benjamin.olson','82a6e3bfd8340a8b512c783ba02e950e5c883489','wallace46@example.net','Admin'),
('brittany71','91001b15008d69a36dbbac12c183603b06326db4','quentin08@example.net','Shopper'),
('cernser','9e3749d8b499f38737a5134383396c6066265dd5','zblock@example.com','Admin'),
('christine.smitham','87c1c1de7af1483f92c51bd81618013ad63c4fb9','rylee.emmerich@example.com','Admin'),
('cullen48','315b974f7666b6ce129a0b7dfbc4f2948b773ece','nasir.rath@example.com','Admin'),
('dach.scarlett','993b9684d6550162786c1f985960f4c5c1c4477f','narciso.larkin@example.net','Shopper'),
('dagmar90','f743bfc80a06f57966b17ad8d729f8962111da7f','cgrant@example.org','Admin'),
('derrick.rohan','d3c44220ef292fd48f7ae0d97ccbd14e5e5f59ff','qadams@example.com','Admin'),
('dickens.della','1206f448c37d1cc66c859323713e9a085830bfe5','iheidenreich@example.org','Shopper'),
('dubuque.lucius','28d4fe2ef406df8f4d3dd547d6420575adf17c96','alfreda05@example.net','Admin'),
('elena.grant','f427ff7f3afdeac961d174cd309ba7ab3d1b7d9e','mroberts@example.net','Shopper'),
('esmitham','45c5e9c27da752b34c7fceca41ac623c75bcb30b','stracke.kellen@example.com','Admin'),
('eula.kertzmann','c450f9637a877e5506e233ce8ced7def1473d3b0','quinn.kuvalis@example.com','Admin'),
('fay.rutherford','54f88aabaa500528285de13502ad2105da4394ca','gudrun31@example.org','Admin'),
('frederick63','7fddccf8c124514c1f9ef8f79d0ea595fa11f850','wilderman.sanford@example.org','Admin'),
('german69','a7dd62b2ff045ef556f2e0bd55e98a753fd3c079','lowell.kerluke@example.org','Shopper'),
('greg.greenfelder','8a0f24081457801f99fd45ad0f19ebadeaf85dd6','hwalsh@example.org','Shopper'),
('greg71','989caf103b8ec73678a94dd4eb0e9058144551fe','jody25@example.org','Shopper'),
('gregoria.morar','41277d2c548306f24458e9561a339563c78fbcac','kamille34@example.org','Admin'),
('heloise.koepp','9269fb5340cf0f97490eddd82f78b12338d2ff59','morar.alphonso@example.org','Shopper'),
('hunter.bashirian','b887f53d22bb079a89916998786ce3f4eb252013','jryan@example.org','Admin'),
('hyatt.erna','1205282756f430e88161087cf7856cc3e8822963','gislason.eunice@example.net','Shopper'),
('iadams','93ba798568de122cc6c3b9ce72e5d2542dbc55ab','hoppe.lea@example.net','Admin'),
('iskiles','a2a8f01938ae291b45fb2c29f0fdf1548fc6f2d1','sarah.lynch@example.org','Shopper'),
('janessa99','ec30e428708c5a51005cf8b525002cf6fe106d2f','cjast@example.com','Shopper'),
('jermey.walsh','08d27b5a67285aea98b3af0876f74f99c8cbf46e','griffin.gleason@example.org','Admin'),
('jfahey','062db76a5bccd31ee3746dd9750044b96c2dc256','croberts@example.org','Shopper'),
('karelle99','d1894b6c079ccddc0a2cf2be7326d6ba39400f32','cleta.mcglynn@example.com','Shopper'),
('kris.moore','64aa836b0569af9167e908ba6e5343404ff5517c','curtis.feil@example.net','Shopper'),
('kshlerin.jeramy','d37462e3f9f079238d1122d348e6d8467ce2dfa2','theodora33@example.net','Admin'),
('lemke.vida','85969ab8501b760bae3d9a0f3dd6006376218c11','ktromp@example.com','Admin'),
('lhessel','a1adb48d7b727aa204ecfb8a295a219af3706619','ryann.hyatt@example.org','Shopper'),
('macejkovic.oran','da8cae0765e2d7402e399d34af298643b4cf40b3','estel.morissette@example.com','Shopper'),
('madelyn31','6b46060b45776b427de7a14e928fac6bc04dae3f','emmie37@example.com','Admin'),
('marguerite37','d05cb5e3a38f056cc4884f4f3b2f11ff565f2d2f','brock.nolan@example.org','Shopper'),
('mberge','65f882c00c09e58348c262e0827c50d91fc37410','zdonnelly@example.org','Admin'),
('metz.velva','2a56d76784e172e1dfe254f4426ee40971b61eed','vlangosh@example.com','Shopper'),
('nelda.witting','e4df66e664b664f5f3c6ba6094ac68730a49f524','taya33@example.com','Admin'),
('oma76','91bb5aa7aee6f9c2fccb4611c674d0891dd08b51','kylee.gusikowski@example.org','Admin'),
('osbaldo45','6373c6adee6c81f7408e1752367586bf797bb41e','priscilla.stoltenberg@example.org','Shopper'),
('ozella19','3f1483f6ea4b7cc8b0b2be267238adee6a4d6d45','lmaggio@example.net','Admin'),
('qosinski','85ac97cb9f8c2c6a5a5297858167873cac21bbe3','johnston.jaleel@example.net','Shopper'),
('qterry','608dbaf9df6e2e149f8cfa2a2cf672f06ab574bb','senger.berta@example.net','Shopper'),
('rae55','859f3239567857b3378f6a27878a6a5f4f7bfb00','padberg.larue@example.net','Shopper'),
('remington.gusikowski','3555e852aed3137f189be3fa3dd601f8f6fc85c4','vcorkery@example.org','Shopper'),
('rowe.miles','cc086dfd606f9b32b76c07d291efb24a3d268e80','carroll.boehm@example.net','Shopper'),
('schroeder.makenna','f26e57cfc1ede33343ff4cc406f89b47935631e4','kbraun@example.net','Admin'),
('seamus.durgan','2d146b253b9b3ab018ddeaaef4739fa5e27ce3f9','heidenreich.ali@example.net','Shopper'),
('shea.mills','6be27fe357f35d4b8551de983bddada2c185f2f6','buckridge.fae@example.org','Admin'),
('simonis.otis','dce81f05d8c45e2ce3e458a95b58b4a17397cdf5','jaren25@example.net','Admin'),
('sshanahan','85499b74351002425630daa32811ae20c814322d','giles.lynch@example.org','Shopper'),
('terrell89','e073ec3b0799f080d5704b38c09dbd8d72e779c1','elindgren@example.net','Admin'),
('trantow.andres','f72764f2a27d61d440ac72cee5e4b40a79682bb2','wfeest@example.org','Shopper'),
('uledner','1662beb4d31267fee5ac6883f8990520a621f4cf','nigel33@example.com','Admin'),
('vondricka','caae6fda675a2355e037592002fffd1addb8bdd8','lorena.swaniawski@example.org','Shopper'),
('vweissnat','21a8fda9ce059bdb057502ac3a430a82998f8f9b','judy.bradtke@example.com','Shopper'),
('wolff.roselyn','45c99191ba21bdedaf2466119ca01da05429a504','bgrimes@example.org','Shopper');

INSERT INTO `ShippingAddress` VALUES
('alden24',1),
('alexys.rice',2),
('antwon.bauch',3),
('benjamin.olson',4),
('brittany71',5),
('cernser',6),
('christine.smitham',7),
('cullen48',8),
('dach.scarlett',9),
('dagmar90',10),
('derrick.rohan',11),
('dickens.della',12),
('dubuque.lucius',13),
('elena.grant',14),
('esmitham',15),
('eula.kertzmann',16),
('fay.rutherford',17),
('frederick63',18),
('german69',19),
('greg.greenfelder',20),
('greg71',21),
('gregoria.morar',22),
('heloise.koepp',23),
('hunter.bashirian',24),
('hyatt.erna',25),
('iadams',26),
('iskiles',27),
('janessa99',28),
('jermey.walsh',29),
('jfahey',30),
('karelle99',31),
('kris.moore',32),
('kshlerin.jeramy',33),
('lemke.vida',34),
('lhessel',35),
('macejkovic.oran',36),
('madelyn31',37),
('marguerite37',38),
('mberge',39),
('metz.velva',40);

INSERT INTO `Orders` VALUES
(1,'alden24','2022-12-23 15:02:53.000'),
(2,'alexys.rice','2020-08-04 23:41:02.000'),
(3,'antwon.bauch','2016-03-13 20:43:24.000'),
(4,'benjamin.olson','2024-08-23 02:30:13.000'),
(5,'brittany71','2019-06-11 05:33:33.000'),
(6,'cernser','2015-07-30 18:39:08.000'),
(7,'christine.smitham','2015-09-08 11:59:57.000'),
(8,'cullen48','2018-07-28 02:57:24.000'),
(9,'dach.scarlett','2022-01-18 01:18:54.000'),
(10,'dagmar90','2014-12-19 07:40:41.000'),
(11,'derrick.rohan','2023-09-14 23:15:24.000'),
(12,'dickens.della','2015-06-27 23:02:21.000'),
(13,'dubuque.lucius','2015-06-14 07:33:09.000'),
(14,'elena.grant','2018-12-02 08:07:26.000'),
(15,'esmitham','2016-05-31 20:27:29.000'),
(16,'eula.kertzmann','2020-12-04 09:17:53.000'),
(17,'fay.rutherford','2017-08-27 15:18:36.000'),
(18,'frederick63','2019-06-27 11:15:40.000'),
(19,'german69','2017-06-17 17:48:31.000'),
(20,'greg.greenfelder','2021-03-31 22:26:51.000'),
(21,'greg71','2018-09-14 04:27:35.000'),
(22,'gregoria.morar','2023-09-10 20:30:07.000'),
(23,'heloise.koepp','2015-06-18 22:04:57.000'),
(24,'hunter.bashirian','2015-09-09 16:46:42.000'),
(25,'hyatt.erna','2021-05-22 08:10:54.000'),
(26,'iadams','2016-05-30 05:59:09.000'),
(27,'iskiles','2024-07-22 02:28:52.000'),
(28,'janessa99','2016-02-07 04:34:40.000'),
(29,'jermey.walsh','2023-04-06 22:30:05.000'),
(30,'jfahey','2020-01-29 12:28:51.000'),
(31,'karelle99','2024-02-29 17:36:54.000'),
(32,'kris.moore','2023-11-01 20:26:28.000'),
(33,'kshlerin.jeramy','2023-08-19 00:18:21.000'),
(34,'lemke.vida','2023-12-10 06:20:27.000'),
(35,'lhessel','2017-12-27 20:50:16.000'),
(36,'macejkovic.oran','2018-08-08 06:52:31.000'),
(37,'madelyn31','2021-11-12 18:14:39.000'),
(38,'marguerite37','2020-09-29 21:48:52.000'),
(39,'mberge','2019-08-17 22:18:34.000'),
(40,'metz.velva','2021-10-23 20:11:04.000'),
(41,'nelda.witting','2023-06-11 11:21:35.000'),
(42,'oma76','2014-12-29 12:55:43.000'),
(43,'osbaldo45','2017-10-10 16:21:59.000'),
(44,'ozella19','2015-08-29 01:20:31.000'),
(45,'qosinski','2019-12-29 07:08:53.000'),
(46,'qterry','2016-11-29 21:05:48.000'),
(47,'rae55','2022-05-20 18:42:05.000'),
(48,'remington.gusikowski','2023-02-27 11:14:11.000'),
(49,'rowe.miles','2015-12-27 06:00:02.000'),
(50,'schroeder.makenna','2017-01-18 15:37:24.000'),
(51,'seamus.durgan','2019-09-29 00:59:00.000'),
(52,'shea.mills','2023-10-31 17:58:19.000'),
(53,'simonis.otis','2024-09-18 23:34:27.000'),
(54,'sshanahan','2024-02-08 09:05:59.000'),
(55,'terrell89','2018-01-21 19:56:49.000'),
(56,'trantow.andres','2022-04-21 16:25:47.000'),
(57,'uledner','2017-08-23 10:57:59.000'),
(58,'vondricka','2016-02-28 18:34:20.000'),
(59,'vweissnat','2015-07-11 17:34:07.000'),
(60,'wolff.roselyn','2022-03-19 06:03:16.000'),
(61,'alden24','2021-12-24 00:32:03.000'),
(62,'alexys.rice','2023-01-25 15:03:38.000'),
(63,'antwon.bauch','2023-11-29 02:06:02.000'),
(64,'benjamin.olson','2023-07-17 15:55:25.000'),
(65,'brittany71','2020-07-26 07:26:39.000'),
(66,'cernser','2021-01-15 08:47:53.000'),
(67,'christine.smitham','2017-10-02 02:27:45.000'),
(68,'cullen48','2018-08-12 23:20:44.000'),
(69,'dach.scarlett','2015-12-17 12:58:23.000'),
(70,'dagmar90','2024-10-15 06:55:13.000'),
(71,'derrick.rohan','2014-12-19 22:32:02.000'),
(72,'dickens.della','2018-01-01 23:02:35.000'),
(73,'dubuque.lucius','2023-07-26 16:35:31.000'),
(74,'elena.grant','2016-08-06 05:37:00.000'),
(75,'esmitham','2021-07-16 05:18:55.000'),
(76,'eula.kertzmann','2021-05-29 03:16:36.000'),
(77,'fay.rutherford','2023-12-26 17:57:53.000'),
(78,'frederick63','2018-06-20 07:11:46.000'),
(79,'german69','2019-12-15 11:34:48.000'),
(80,'greg.greenfelder','2019-11-27 01:31:21.000'),
(81,'greg71','2016-08-02 05:11:11.000'),
(82,'gregoria.morar','2016-10-02 14:20:34.000'),
(83,'heloise.koepp','2024-01-11 19:46:26.000'),
(84,'hunter.bashirian','2018-08-12 07:59:49.000'),
(85,'hyatt.erna','2017-02-11 18:51:49.000'),
(86,'iadams','2018-10-02 06:50:43.000'),
(87,'iskiles','2014-12-08 06:13:00.000'),
(88,'janessa99','2016-11-11 15:43:45.000'),
(89,'jermey.walsh','2017-03-25 17:07:56.000'),
(90,'jfahey','2019-09-30 06:26:35.000'),
(91,'karelle99','2022-11-04 02:47:46.000'),
(92,'kris.moore','2019-07-21 20:12:28.000'),
(93,'kshlerin.jeramy','2015-09-08 15:06:01.000'),
(94,'lemke.vida','2021-05-05 07:30:22.000'),
(95,'lhessel','2019-03-31 18:46:08.000'),
(96,'macejkovic.oran','2022-12-19 12:39:00.000'),
(97,'madelyn31','2022-05-17 12:13:54.000'),
(98,'marguerite37','2020-07-19 16:37:00.000'),
(99,'mberge','2017-09-20 14:52:13.000'),
(100,'metz.velva','2015-01-15 14:49:40.000');

INSERT INTO `OrderItem` VALUES
(1,1,631,'shipped'),
(1,31,994,'shipped'),
(1,61,812,'shipped'),
(2,2,186,'shipped'),
(2,32,1105,'canceled'),
(2,62,844,'canceled'),
(3,3,888,'returned'),
(3,33,776,'shipped'),
(3,63,131,'on the way'),
(4,4,1084,'shipped'),
(4,34,1129,'canceled'),
(4,64,1168,'returned'),
(5,5,660,'shipped'),
(5,35,418,'canceled'),
(5,65,782,'on the way'),
(6,6,146,'shipped'),
(6,36,1064,'returned'),
(6,66,989,'shipped'),
(7,7,985,'returned'),
(7,37,570,'shipped'),
(7,67,433,'canceled'),
(8,8,560,'canceled'),
(8,38,1045,'on the way'),
(8,68,458,'returned'),
(9,9,289,'canceled'),
(9,39,179,'on the way'),
(9,69,839,'on the way'),
(10,10,525,'returned'),
(10,40,244,'shipped'),
(10,70,1175,'returned'),
(11,1,1114,'shipped'),
(11,11,611,'on the way'),
(11,41,550,'on the way'),
(12,2,1101,'on the way'),
(12,12,762,'canceled'),
(12,42,554,'on the way'),
(13,3,325,'shipped'),
(13,13,690,'shipped'),
(13,43,181,'shipped'),
(14,4,448,'returned'),
(14,14,737,'shipped'),
(14,44,537,'on the way'),
(15,5,722,'returned'),
(15,15,850,'returned'),
(15,45,752,'shipped'),
(16,6,37,'on the way'),
(16,16,36,'canceled'),
(16,46,1147,'shipped'),
(17,7,807,'returned'),
(17,17,1114,'canceled'),
(17,47,882,'canceled'),
(18,8,993,'shipped'),
(18,18,505,'on the way'),
(18,48,790,'canceled'),
(19,9,798,'returned'),
(19,19,901,'canceled'),
(19,49,641,'returned'),
(20,10,668,'shipped'),
(20,20,671,'returned'),
(20,50,9,'on the way'),
(21,11,881,'shipped'),
(21,21,175,'on the way'),
(21,51,327,'on the way'),
(22,12,874,'returned'),
(22,22,1094,'canceled'),
(22,52,1089,'shipped'),
(23,13,809,'on the way'),
(23,23,991,'shipped'),
(23,53,1121,'shipped'),
(24,14,878,'shipped'),
(24,24,214,'canceled'),
(24,54,703,'canceled'),
(25,15,1190,'canceled'),
(25,25,665,'returned'),
(25,55,1148,'shipped'),
(26,16,423,'shipped'),
(26,26,163,'shipped'),
(26,56,564,'returned'),
(27,17,78,'on the way'),
(27,27,191,'on the way'),
(27,57,468,'shipped'),
(28,18,449,'returned'),
(28,28,1010,'returned'),
(28,58,1064,'canceled'),
(29,19,740,'canceled'),
(29,29,406,'returned'),
(29,59,280,'returned'),
(30,20,1,'on the way'),
(30,30,623,'on the way'),
(30,60,879,'canceled'),
(31,21,1085,'on the way'),
(31,31,1146,'returned'),
(31,61,435,'returned'),
(32,22,1033,'on the way'),
(32,32,814,'canceled'),
(32,62,791,'returned'),
(33,23,426,'shipped'),
(33,33,827,'shipped'),
(33,63,1199,'returned'),
(34,24,566,'on the way'),
(34,34,393,'returned'),
(34,64,20,'canceled'),
(35,25,454,'on the way'),
(35,35,964,'shipped'),
(35,65,814,'returned'),
(36,26,134,'canceled'),
(36,36,1056,'returned'),
(36,66,870,'canceled'),
(37,27,927,'on the way'),
(37,37,30,'shipped'),
(37,67,37,'returned'),
(38,28,743,'on the way'),
(38,38,222,'canceled'),
(38,68,893,'on the way'),
(39,29,810,'returned'),
(39,39,1111,'on the way'),
(39,69,443,'shipped'),
(40,30,171,'returned'),
(40,40,462,'on the way'),
(40,70,759,'returned'),
(41,1,876,'returned'),
(41,31,271,'shipped'),
(41,41,537,'canceled'),
(42,2,507,'on the way'),
(42,32,863,'on the way'),
(42,42,451,'on the way'),
(43,3,631,'on the way'),
(43,33,699,'on the way'),
(43,43,930,'returned'),
(44,4,876,'canceled'),
(44,34,817,'returned'),
(44,44,646,'on the way'),
(45,5,395,'canceled'),
(45,35,144,'on the way'),
(45,45,200,'on the way'),
(46,6,260,'canceled'),
(46,36,441,'returned'),
(46,46,183,'canceled'),
(47,7,480,'canceled'),
(47,37,50,'on the way'),
(47,47,406,'shipped'),
(48,8,519,'returned'),
(48,38,585,'shipped'),
(48,48,671,'shipped'),
(49,9,728,'on the way'),
(49,39,817,'on the way'),
(49,49,435,'canceled'),
(50,10,811,'canceled'),
(50,40,65,'returned'),
(50,50,34,'returned'),
(51,11,264,'shipped'),
(51,51,537,'canceled'),
(52,12,639,'on the way'),
(52,52,540,'shipped'),
(53,13,515,'returned'),
(53,53,1075,'canceled'),
(54,14,620,'shipped'),
(54,54,3,'on the way'),
(55,15,30,'returned'),
(55,55,260,'on the way'),
(56,16,917,'on the way'),
(56,56,984,'canceled'),
(57,17,481,'on the way'),
(57,57,340,'shipped'),
(58,18,4,'on the way'),
(58,58,423,'on the way'),
(59,19,578,'canceled'),
(59,59,943,'on the way'),
(60,20,660,'canceled'),
(60,60,910,'returned'),
(61,21,180,'returned'),
(61,61,906,'canceled'),
(62,22,1172,'shipped'),
(62,62,489,'on the way'),
(63,23,373,'returned'),
(63,63,925,'on the way'),
(64,24,828,'canceled'),
(64,64,958,'returned'),
(65,25,22,'returned'),
(65,65,727,'returned'),
(66,26,280,'on the way'),
(66,66,1037,'shipped'),
(67,27,666,'canceled'),
(67,67,871,'shipped'),
(68,28,638,'on the way'),
(68,68,280,'on the way'),
(69,29,549,'canceled'),
(69,69,291,'on the way'),
(70,30,765,'canceled'),
(70,70,641,'on the way'),
(71,1,1150,'canceled'),
(71,31,355,'on the way'),
(72,2,147,'shipped'),
(72,32,1066,'shipped'),
(73,3,185,'shipped'),
(73,33,1042,'shipped'),
(74,4,191,'on the way'),
(74,34,636,'returned'),
(75,5,406,'canceled'),
(75,35,109,'on the way'),
(76,6,837,'canceled'),
(76,36,1106,'returned'),
(77,7,950,'canceled'),
(77,37,672,'canceled'),
(78,8,436,'on the way'),
(78,38,163,'returned'),
(79,9,811,'returned'),
(79,39,231,'shipped'),
(80,10,79,'on the way'),
(80,40,100,'on the way'),
(81,11,731,'canceled'),
(81,41,1115,'canceled'),
(82,12,569,'canceled'),
(82,42,302,'on the way'),
(83,13,989,'returned'),
(83,43,607,'shipped'),
(84,14,1093,'on the way'),
(84,44,873,'canceled'),
(85,15,635,'shipped'),
(85,45,584,'returned'),
(86,16,35,'canceled'),
(86,46,599,'shipped'),
(87,17,1199,'returned'),
(87,47,613,'shipped'),
(88,18,365,'on the way'),
(88,48,945,'returned'),
(89,19,691,'on the way'),
(89,49,576,'on the way'),
(90,20,625,'on the way'),
(90,50,222,'canceled'),
(91,21,203,'returned'),
(91,51,333,'canceled'),
(92,22,96,'shipped'),
(92,52,322,'returned'),
(93,23,346,'shipped'),
(93,53,407,'canceled'),
(94,24,101,'on the way'),
(94,54,219,'returned'),
(95,25,652,'canceled'),
(95,55,919,'returned'),
(96,26,104,'shipped'),
(96,56,1151,'on the way'),
(97,27,295,'on the way'),
(97,57,570,'canceled'),
(98,28,245,'returned'),
(98,58,73,'on the way'),
(99,29,78,'on the way'),
(99,59,679,'returned'),
(100,30,822,'canceled'),
(100,60,988,'returned');